ID,Name,DateOfBirth,Address,Department,Email,Phone
ABC_1,Stesha Benyan,23/10/1981,6 Ronald Regan Court,SYSTEM,stesha@gmail.com,+6281512345601
ABC_2,Alf McTiernan,14/12/1990,9390 Utah Way,WEB,alf@gmail.com,+6285112345602
ABC_3,Olympe Nevill,30/05/1985,5 Rowland Pass,WEB,olympe@gmail.com,+6285212345603
ABC_4,Noemi Silwood,9/2/1999,92736 Orin Plaza,MOBILE,noemi@gmail.com,+6281912345604
ABC_5,Gale Gwalter,6/7/1997,5677 Express Lane,SYSTEM,gale@gmail.com,+6281512345605
ABC_6,Jo Conibear,13/03/1987,7990 Bashford Drive,MOBILE,jo@gmail.com,+6285112345606
ABC_7,Mar Cocksedge,21/09/1995,5 Dunning Circle,WEB,mar@gmail.com,+6285212345607
ABC_8,Moise Trillow,10/12/1994,79 Everett Circle,MOBILE,moise@gmail.com,+6281912345608
ABC_9,Perceval Leys,16/02/1996,82046 Rowland Crossing,MOBILE,perceval@gmail.com,+6281512345609
ABC_10,Madeline Aspinal,30/11/1984,98444 Dixon Way,QA,madeline@gmail.com,+6285112345610
ABC_11,Charin Ramshaw,31/08/1984,55 Blue Bill Park Road,SYSTEM,charin@gmail.com,+6285212345611
ABC_12,Garrek Dericot,14/02/1980,90 Ilene Crossing,QA,garrek@gmail.com,+6281912345612
ABC_13,Geri Bendley,22/05/1988,5642 Crest Line Plaza,MOBILE,geri@gmail.com,+6281512345613
ABC_14,Joelle Greenlies,18/05/1998,3 Schiller Junction,ADMIN,joelle@gmail.com,+6285112345614
ABC_15,Weider Soitoux,5/2/1993,390 Elmside Trail,SYSTEM,weider@gmail.com,+6285212345615
ABC_16,Grange Pitney,11/7/1989,79 Mccormick Drive,QA,grange@gmail.com,+6281912345616
ABC_17,Charity Smee,19/10/1986,80 Northport Point,QA,charity@gmail.com,+6281512345617
ABC_18,Ode Pescod,8/2/1994,62317 Barnett Junction,SYSTEM,ode@gmail.com,+6285112345618
ABC_19,Humfrid Caddies,27/01/1997,65 Miller Circle,WEB,humfrid@gmail.com,+6285212345619
ABC_20,Gilli Tiner,29/05/1986,369 Center Point,MOBILE,gilli@gmail.com,+6281912345620
